codigo,proveedor,descripcion,categoria,precio_usd
T10-5L-ECO-B-12V,LED,T10 5 LED (PIOJITO S/CULOTE) 12V - CHEAPLED - BLANCO - TODOS LOS COLORES,LED,0.44
T10-8L-B-12V,LED,T10 8 LED 12V - BLANCO - TODOS LOS COLORES,LED,0.44
T10-9L-12V,LED,T10 9 LED 12V - BLANCO - TODOS LOS COLORES,LED,0.77
T10-CBL-B,LED,T10 CB LENTE (LUPA) 12V / 24V - BLANCO - TODOS LOS COLORES,LED,3.02
T10-CBP-B,LED,T10 CB PLANO 12V / 24V - BLANCO - TODOS LOS COLORES,LED,2.12
T10-CER-B-12V,LED,T10 CERAMIC 3D 12V - BLANCO - TODOS LOS COLORES,LED,0.64
T10-SIL-B-12V,LED,T10 COB SILICONA 12V - BLANCO - TODOS LOS COLORES,LED,0.51
T10-SIL-MINI-B-12V,LED,T10 COB SILICONA MINI 12V - BLANCO - TODOS LOS COLORES,LED,0.44
1POLO-8L-12V,LED,1 POLO 8 (1156) LED 5050 12V,LED,1.09
1POLO-COB-B-12V,LED,1 POLO (1156) COB 12V - BLANCO,LED,0.44
1POLO-22L-B-12V,LED,1 POLO (1156) 22 LED 3014 12V - BLANCO,LED,0.64
T10-SET-RGB-12V,LED,SET T10 RGB IR,LED,4.17
TIRA-POSICION,LED,TIRA POSICION STOP/GUIÑO,LED,3.02
GUANTE-MOPA,LED,GUANTE MOPA - COLORES VARIOS - TODOS LOS COLORES,ACCESORIO,1.93
TURBI2,LED,TURBINA SOPLADOR USB 5200MA CON ESTUCHE,ACCESORIO,23.09
INFLADOR-USB,LED,INFLADOR INALAMBRICO - RECARGABLE - USB,ACCESORIO,29.58
INFLADOR-IN-USB,LED,INFLADOR INALAMBRICORECARGABLE USB - COMPACTO,ACCESORIO,35.37
INFLADOR-CARGADOR-USB,LED,INFLADOR/CARGADOR USB - INALAMBRICO RECARGABLE USB,ACCESORIO,59.81
FARO-ECO-PLAT-12V,LED,FARO ECO PLATEADO 12V,FARO,5.01
FARO-8L,LED,FARO 8 LED 12V,FARO,3.95
FARO-8L-ECO,LED,FARO 8 LED 12V - CHEAPLED,FARO,2.84
FARO-9L,LED,FARO 9 LED 12V,FARO,3.95
FARO-9L-ECO,LED,FARO 9 LED 12V - CHEAPLED,FARO,2.84
FARO-DRL15L-12V,LED,FARO DRL MOTO 15 LED 12V,FARO,4.57
FARO-16L-12V,LED,FARO 16 LED 12V,FARO,6.48
FARO-16L-ECO-12V,LED,FARO 16 LED 12V - CHEAPLED,FARO,5.07
FARO-DRL30L-12V,LED,FARO DRL MOTO 30 LED 12V,FARO,8.22
FARO-10W-R,LED,FARO 10W - REDONDO,FARO,19.08
FARO-10W-C,LED,FARO 10W - CUADRADO,FARO,19.08
FARO-18W-F,LED,FARO 18W - FLOOD,FARO,12.16
FARO-18W-S,LED,FARO 18W - SPOT,FARO,12.16
FARO-18W-ECO-F,LED,FARO 18W FLOOD - CHEAPLED,FARO,8.73
FARO-18W-ECO-S,LED,FARO 18W SPOT - CHEAPLED,FARO,8.73
FARO-6X3-ECO,LED,FARO 6X3 - CHEAPLED,FARO,4.48
FARO-27W-R,LED,FARO 27W  REDONDO (107MM*107MM),FARO,12.16
FARO-27W-C,LED,FARO 27W  CUADRADO (107MM*107MM),FARO,12.16
FARO-27W-ECO-R,LED,FARO 27W  REDONDO - CHEAPLED,FARO,6.3
FARO-27W-ECO-C,LED,FARO 27W  CUADRADO - CHEAPLED,FARO,6.3
FARO-27W-MINI-R,LED,FARO 27W MINI REDONDO (85MM*85MM),FARO,6.61
FARO-27W-MINI-C,LED,FARO 27W MINI CUADRADO (85MM*85MM),FARO,6.61
BARRA-30W,LED,BARRA 30W,FARO,40.52
BARRA-36W,LED,BARRA 36W,FARO,49.68
MODULO-COB-B-12V,LED,MODULO COB 12V - BLANCO - TODOS LOS COLORES,LED,0.32
MODULO-LENTE-B-12V,LED,MODULO CON LENTE 12V - BLANCO - TODOS LOS COLORES,LED,0.32
